title,presenter,affiliation,description,biography,date,academic_year,youtube,name,record_type,body,original_link
Fall 2004,,,,,,2004/05,,fall2004,listing,"<div class=""centerColumn heightMatch""> 
 <h1 class=""PageTitle "">Fall 2004</h1>
 <div class=""bodyCopy""> 
  <u>
   September 7 
   <br />
  </u> 
  <a href=""http://www.uidaho.edu/class/mric/archives/pre-2010/fall2004/geist"" title=""&quot;Probing the Earth’s Interior with Gal&aacute;pagos Volcanoes&quot;"">&quot;Probing the Earth’s Interior with Gal&aacute;pagos Volcanoes&quot;</a> 
  <br />
  <a href=""http://www.uidaho.edu/sci/geology/faculty/dennisgeist"" title=""Dennis Geist"">Dennis Geist</a> - Geology 
  <br />
  <br />September 14 
  <br />
  <a href=""http://www.uidaho.edu/class/mric/archives/pre-2010/fall2004/laskowski"" title=""&quot;Promoting Biomedical Research in Idaho&quot;"">&quot;Promoting Biomedical Research in Idaho&quot;</a>
  <br />Mike Laskowski - Biology &amp; WWAMI 
  <br />
  <br />September 21&nbsp;
  <br />
  <a href=""http://www.uidaho.edu/class/mric/archives/pre-2010/fall2004/castaneda"" title="" &quot;Visual Culture and Culture Studies&quot;"">&quot;Visual Culture and Culture Studies&quot;<br /></a>Ivan Castaneda - Art &amp; Design 
  <br />
  <br />September 28 
  <br />
  <a href=""http://www.uidaho.edu/class/mric/archives/pre-2010/fall2004/greib"" title=""&quot;Financial Engineering: The Process of Measuring and Controlling Risk&quot;"">&quot;Financial Engineering: The Process of Measuring and Controlling Risk&quot;<br /></a>
  <a href=""http://www.uidaho.edu/cbe/business/terrancegrieb"" title=""Terrance Grieb"">Terry Grieb</a> - Business &amp; Economics 
  <br />
  <br />October 5&nbsp;
  <br />
  <a href=""http://www.uidaho.edu/class/mric/archives/pre-2010/fall2004/vanderwall"" title=""&quot;Equine Cloning: Past, Present and Future&quot;"">&quot;Equine Cloning: Past, Present and Future&quot;</a>
  <br />Dirk Vanderwall - Animal and Veterinary Science 
  <br />
  <br />October 12 
  <br />
  <a href=""http://www.uidaho.edu/class/mric/archives/pre-2010/fall2004/nelson"" title=""&quot;Thelma and Louise meet the Hilton sisters at the court of Louis XIV: Editing the Memoirs of Hortense and Marie Mancini&quot; "">&quot;Thelma and Louise meet the Hilton sisters at the court of Louis XIV: Editing the Memoirs of Hortense and Marie Mancini&quot;</a>
  <br />
  <a href=""http://www.uidaho.edu/class/mlc/sarahnelson"" title=""Sarah Nelson"">Sarah Nelson</a> - Foreign Languages and Literatures 
  <br />
  <br />October 19
  <br />
  <a href=""http://www.uidaho.edu/class/mric/archives/pre-2010/fall2004/natale"" title=""&quot;A Periodic Table of the Moles: Building Bridges to Native American Students&quot;"">&quot;A Periodic Table of the Moles: Building Bridges to Native American Students&quot;</a>&nbsp;
  <br />Nick Natale - Chemistry 
  <br />
  <br />October 26&nbsp;
  <br />
  <a href=""http://www.uidaho.edu/class/mric/archives/pre-2010/fall2004/waits"" title=""&quot;The Benefits and Challenges of Launching a New Interdisciplinary Ph.D. Program&quot;"">&quot;The Benefits and Challenges of Launching a New Interdisciplinary Ph.D. Program&quot;</a>&nbsp;
  <br />
  <a href=""http://www.uidaho.edu/cnr/fishwild/lisettewaits"" title=""Lisette Waits"">Lisette Waits</a> - Wildlife Resources 
  <br />
  <br />November 2&nbsp;
  <br />
  <a href=""http://www.uidaho.edu/class/mric/archives/pre-2010/fall2004/vonbraun"" title=""&quot;Turning Your World Upside Down: A Sabbatical Adventure&quot;"">&quot;Turning your World Upside Down: A Sabbatical Adventure&quot;</a> 
  <br />Margrit von Braun - College of Graduate Studies 
  <br />
  <br />November 9 
  <br />&quot;A Geographer’s View of the American West and the World Beyond&quot;&nbsp;
  <br />
  <a href=""http://www.uidaho.edu/sci/geography/faculty/gundarsrudzitis"" title=""Gundars Rudzitis"">Gundars Rudzitis</a> - Geography 
  <br />
  <br />November 16 
  <br />&quot;Fencing as Life&quot;&nbsp;
  <br />
  <a href=""http://www.uidaho.edu/cbe/business/normanpendegraft"" title=""Norman Pendegraft"">Norman Pendegraft</a> - Business &amp; Economics 
  <br />
  <br />November 30&nbsp;
  <br />
  <a href=""http://www.uidaho.edu/class/mric/archives/pre-2010/fall2004/wrigley"" title=""&quot;What’s a Poem Worth?&quot; "">&quot;What’s a Poem Worth?&quot;</a>&nbsp;
  <br />Robert Wrigley - English 
  <br />
 </div> 
</div>",http://www.uidaho.edu/class/mric/archives/pre-2010/fall2004
Spring 2005,,,,,,2004/05,,spring2005,listing,"<div class=""centerColumn heightMatch""> 
 <h1 class=""PageTitle "">Spring 2005</h1>
 <div class=""bodyCopy""> 
  <u>
   January 25th
  </u> 
  <br />&quot;Ambassadors Lewis &amp; Clark: Was the Corps of Discovery the Agent of Discovery?&quot; 
  <br />Dennis Colson - Law 
  <br />
  <br />
  <u>
   February 1st 
  </u>
  <br />&quot;Caught in the Mousetrap: Media Deregulation, Disney and You&quot; 
  <br />Rebecca Self - JAMM 
  <br />
  <br />
  <u>
   February 8th
  </u> 
  <br />
  <a href=""http://www.uidaho.edu/class/mric/archives/pre-2010/spring2005/neilsen"" title=""&quot;How Much Do I Have to Know to Design a Bridge?: Engineering Around Ignorance&quot;"">&quot;How Much Do I Have to Know to Design a Bridge?: Engineering Around Ignorance&quot;&nbsp;<br /></a>
  <a href=""http://www.uidaho.edu/engr/ce/faculty/nielsen"" title=""Richard Nielsen"">Richard Nielsen</a> - Civil Engineering
  <br />&nbsp;
  <br />
  <u>
   February 22nd
  </u>&nbsp;
  <br />&quot;An Ear for Jazz &quot;&nbsp;
  <br />
  <a href=""http://www.uidaho.edu/class/music/danielbukvich"" title=""Daniel Bukvich"">Dan Bukvich</a> - Lionel Hampton School of Music 
  <br />
  <br />
  <u>
   March 1st&nbsp;
  </u>
  <br />
  <a href=""http://www.uidaho.edu/class/mric/archives/pre-2010/spring2005/fins"" title=""&quot;Fire and Myth&quot;"">&quot;Fire and Myth&quot;</a>
  <br />
  <a href=""http://www.uidaho.edu/cnr/frfs/laurenfins"" title=""Lauren Fins"">Lauren Fins</a> - Forest Resources 
  <br />
  <br />
  <u>
   March 8th
  </u>&nbsp;
  <br />&quot;We Are What We Teach: Politics, Political Science, and the Environment&quot;&nbsp;
  <br />Pat Wilson - Political Science 
  <br />
  <br />
  <u>
   March 22nd
  </u> 
  <br />
  <a href=""http://www.uidaho.edu/class/mric/archives/pre-2010/spring2005/higgins"" title=""&quot;Creating Community Conversations Through the Use of Participatory Videography&quot;"">&quot;Creating Community Conversations Through the Use of Participatory Videography&quot;<br /></a>Lorie Higgins - Agricultural Economics &amp; Rural Sociology 
  <br />
  <br />
  <u>
   March 29th&nbsp;
   <br />
  </u>
  <a href=""http://www.uidaho.edu/class/mric/archives/pre-2010/spring2005/brandt"" title=""&quot;Cautionary Tales of Adoption: Addressing the Litigation Crisis at the Moment of Adoption&quot;"">&quot;Cautionary Tales of Adoption: Addressing the Litigation Crisis at the Moment of Adoption&quot;</a>&nbsp;
  <br />
  <a href=""http://www.uidaho.edu/law/people/faculty"" title=""faculty"">Liz Brandt</a> - Law 
  <br />
  <br />
  <u>
   April 5th
  </u>&nbsp;
  <br />
  <a href=""http://www.uidaho.edu/class/mric/archives/pre-2010/spring2005/caisley"" title=""&quot;A Sense of Direction&quot;"">&quot;A Sense of Direction&quot; </a>
  <br />
  <a href=""http://www.uidaho.edu/class/theatre/robertcaisley"" title=""Robert Caisley"">Robert Caisley </a>- Theatre Arts 
  <br />
  <br />
  <u>
   April 12th
  </u> 
  <br />
  <a href=""http://www.uidaho.edu/class/mric/archives/pre-2010/spring2005/quinlan"" title=""&quot;Sex and the Citizen: Doctors, Reproductive Manuals, and Fashionable "">&quot;Sex and the Citizen: Doctors, Reproductive Manuals, and Fashionable Readers under the Napoleonic Consulate and Empire, 1799–1815&quot;&nbsp;<br /></a>
  <a href=""http://www.uidaho.edu/class/history/faculty-staff/sean-quinlan"" title=""sean-quinlan"">Sean Quinlan</a> - History 
  <br />
  <br />
  <u>
   April 19th
  </u> 
  <br />&quot;Muscle Men, Fat Mice and the Supersize Culture&quot;&nbsp;
  <br />Rod Hill - Animal &amp; Veterinary Science 
  <br />
  <br />
  <u>
   April 26th
  </u> 
  <br />&quot;Describing Your Way to Decryption&quot; 
  <br />Al Carlson - Computer Science 
  <br />
 </div> 
</div>",http://www.uidaho.edu/class/mric/archives/pre-2010/spring2005
Fall 2005,,,,,,2005/06,,fall2005,listing,"<div class=""centerColumn heightMatch""> 
 <h1 class=""PageTitle "">Fall 2005</h1>
 <div class=""bodyCopy""> 
  <u>
   September 6th
  </u> 
  <br />&quot;Teaching, Mentoring and Research - Compatible Priorities&quot;&nbsp;
  <br />
  <a href=""http://www.uidaho.edu/sci/chem/faculty/thomasbitterwolf"" title=""Thomas Bitterwolf"">Thomas Bitterwolf</a> - Chemistry 
  <br />
  <br />
  <u>
   September 12th 
   <br />
  </u>
  <a href=""http://www.uidaho.edu/class/mric/archives/pre-2010/fall2005/nelson"" title=""&quot;The Ethics of Wolf Control&quot;"">&quot;The Ethics of Wolf Control <br /></a>Michael Nelson - Philosophy 
  <br />
  <br />
  <u>
   September 20th 
   <br />
  </u>
  <a href=""http://www.uidaho.edu/class/mric/archives/pre-2010/fall2005/walden"" title=""“Lessons Learned from a Frozen Continent: Performing Research in Antarctica” "">&quot;Lessons Learned from a Frozen Continent: Performing Research in Antarctica&quot;&nbsp;<br /></a>
  <a onclick=""_gaq.push(['_trackPageview','/exit//University of Idaho/sci/geography/people/faculty']);"" href=""http://www.uidaho.edu/sci/geography/people/faculty"" title=""Meet our People"">Von Walden</a> - Geography 
  <br />
  <br />
  <u>
   September 27th
  </u> 
  <br />
  <a href=""http://www.uidaho.edu/class/mric/archives/pre-2010/fall2005/zhu"" title=""“A City at War: Political Culture in Guilin during China’s Anti-Japanese War, 1938-1944” "">&quot;A City at War: Political Culture in Guilin during China’s Anti-Japanese War, 1938-1944&quot;&nbsp;</a>
  <br />
  <a href=""http://www.uidaho.edu/class/history/faculty-staff/pingchao-zhu"" title=""pingchao-zhu"">Pingchao Zhu</a> - History 
  <br />
  <br />
  <u>
   October 4th
  </u> 
  <br />&quot;Mining and Mine Rescue&quot; 
  <br />Michael Weaver - Idaho Geological Survey 
  <br />
  <br />
  <u>
   October 11th
  </u> 
  <br />
  <a href=""http://www.uidaho.edu/class/mric/archives/pre-2010/fall2005/machleidt"" title=""&quot;The Never-Ending Dream of Mankind: The Theory of Everything&quot; "">&quot;The Never-Ending Dream of Mankind: The Theory of Everything&quot;&nbsp;</a>
  <br />
  <a href=""http://www.uidaho.edu/sci/physics/physics-faculty/ruprechtmachleidt"" title=""Ruprecht Machleidt"">Ruprecht Machleidt</a> - Physics 
  <br />
  <br />
  <u>
   October 18th
  </u> 
  <br />
  <a href=""http://www.uidaho.edu/class/mric/archives/pre-2010/fall2005/graden"" title=""&quot;Mural Messages from Venezuela: El Presidente Hugo Ch&aacute;vez Fr&iacute;as y La Revoluci&oacute;n Bolivariana&quot; "">&quot;Mural Messages from Venezuela: El Presidente Hugo Ch&aacute;vez Fr&iacute;as y La Revoluci&oacute;n Bolivariana&quot;&nbsp;</a>
  <br />
  <a href=""http://www.uidaho.edu/class/history/faculty-staff/dale-graden"" title=""dale-graden"">Dale Graden</a> - History 
  <br />
  <br />Oc
  <u>
   tober 25th
  </u> 
  <br />
  <a href=""http://www.uidaho.edu/class/mric/archives/pre-2010/fall2005/eigenbrode"" title=""&quot;A Point of View on Being an Expert and Just Being&quot;"">&quot;A Point of View on Being an Expert and Just Being&quot; </a>
  <br />Sanford Eigenbrode - PSES 
  <br />
  <br />
  <u>
   November 1st
  </u> 
  <br />
  <a href=""http://www.uidaho.edu/class/mric/archives/pre-2010/fall2005/gregson"" title=""&quot;Good Work, Smart Workers, Engaged Learners, and Active Citizens&quot;"">&quot;Good Work, Smart Workers, Engaged Learners, and Active Citizens&quot; </a>
  <br />Jim Gregson - Adult, Career, and Technology Education 
  <br />
  <br />
  <u>
   November 8th
  </u> 
  <br />&quot;Evolutionary Lag: What Is It and What Does It Tell Us about the Design of Human Behavior?&quot;&nbsp;
  <br />
  <a href=""http://www.uidaho.edu/sci/biology/faculty/johnbyers"" title=""John Byers"">John Byers</a> - Biology 
  <br />
  <br />
  <u>
   November 15th&nbsp;
  </u>
  <br />
  <a href=""http://www.uidaho.edu/class/mric/archives/pre-2010/fall2005/reid"" title=""“The Performer as Collaborator: The Process of Commissioning Music” "">&quot;The Performer as Collaborator: The Process of Commissioning Music&quot;</a>&nbsp;
  <br />
  <a href=""http://www.uidaho.edu/class/music/jamesreid"" title=""James Reid"">James Reid</a> - Lionel Hampton School of Music 
  <br />
  <br />
  <u>
   November 29th 
  </u>
  <br />&quot;Perception as Reality: When, How and Should Researchers Aggregate Perception&quot;&nbsp;
  <br />
  <a href=""http://www.uidaho.edu/cbe/business/scottmetlen"" title=""Scott Metlen"">Scott Metlen</a> - Business 
  <br />
 </div> 
</div>",http://www.uidaho.edu/class/mric/archives/pre-2010/fall2005
Spring 2006,,,,,,2005/06,,spring2006,listing,"<div class=""centerColumn heightMatch""> 
 <h1 class=""PageTitle "">Spring 2006</h1>
 <div class=""bodyCopy""> 
  <u>
   January 24th 
   <br />
  </u>&quot;26 Days through Lower and Upper Dolpo--Nepal's Forbidden Tibetan Region &quot; 
  <br />
  <a href=""http://www.uidaho.edu/class/english"" title=""English"">Phil Druker </a>- English 
  <br />
  <br />
  <u>
   January 31st 
   <br />
  </u>&quot;Insight Through Illusion: Gaining an Understanding of the Brain by Studying Its Mistakes&quot;&nbsp;
  <br />
  <a href=""http://www.uidaho.edu/class/psychcomm/briandyre"" title=""Brian Dyre"">Brian P. Dyre</a> - Psychology and Communication Studies, and Neuroscience 
  <br />
  <br />
  <u>
   February 7th
  </u> 
  <br />&quot;How Einstein Rocked the World of Physics in 1905: A 100 Year Celebration&quot; 
  <br />Phil Deutchman - Physics 
  <br />
  <br />
  <u>
   February 14th 
  </u>
  <br />&quot;The Courts and the Media: A Troubled Symbiosis&quot;&nbsp;
  <br />
  <a href=""http://www.uidaho.edu/law/people/faculty"" title=""faculty"">Don Burnett</a> - Law 
  <br />
  <br />
  <u>
   February 21st 
  </u>
  <br />&quot;An Ear for Jazz&quot;&nbsp;
  <br />
  <a href=""http://www.uidaho.edu/class/music/danielbukvich"" title=""Daniel Bukvich"">Dan Bukvich</a> &amp; Friends - Lionel Hampton School of Music 
  <br />
  <br />
  <u>
   February 28th 
  </u>
  <br />&quot;Annabel and Bart: Diaries, Letters, Watercolors, Photographs, and Fields &quot;&nbsp;
  <br />Joy Passanante - English 
  <br />
  <br />
  <u>
   March 7th&nbsp;
  </u>
  <br />&quot;The Perils of Patronage &quot; 
  <br />Kurt Olsson - English 
  <br />
  <br />
  <u>
   March 21st 
  </u>
  <br />&quot;The Effects of Competition on Moral Reasoning: Why the Atlanta Braves are Concerned &quot;&nbsp;
  <br />
  <a href=""http://www.uidaho.edu/ed/movementsciences/sharonstoll"" title=""Sharon Stoll"">Sharon Stoll</a> - HPERD 
  <br />
  <br />
  <u>
   March 28th 
  </u>
  <br />&quot;Lessons Learned from Conducting Interdisciplinary Doctoral Research in Agricultural and Natural Resource Systems &quot; 
  <br />Wayde Morse -CSS
  <br />Max Nielsen-Pincus&nbsp;- &nbsp;Forest Resources 
  <br />
  <br />
  <u>
   April 4th 
  </u>
  <br />&quot;War and Peace: What We Can Learn from the Microbial World &quot; 
  <br />Patricia Hartzell - MMBB 
  <br />
  <br />
  <u>
   April 11th 
  </u>
  <br />&quot;Study Abroad Experiences for University of Idaho Students &quot;&nbsp;
  <br />
  <a href=""http://www.uidaho.edu/class/mlc/irinakapplercrookston"" title=""Irina Kappler-Crookston"">Irina Kappler-Crookston</a> - Foreign Languages and Literatures 
  <br />
  <br />
  <u>
   April 18th
  </u>
  <br />&quot;From Interdisciplinarity to Intercivilization: Europe and the Early Islamic World &quot; 
  <br />S. (Ghazi) Ghazanfar - Economics 
  <br />
  <br />April 25th 
  <br />&quot;Mathematical Structures and Some Ties to Music and Art&quot; 
  <br />Clancy Potratz - Mathematics 
  <br />
 </div> 
</div>",http://www.uidaho.edu/class/mric/archives/pre-2010/spring2006
Fall 2006,,,,,,2006/07,,fall2006,listing,"<div class=""centerColumn heightMatch""> 
 <h1 class=""PageTitle "">Fall 2006</h1>
 <div class=""bodyCopy""> 
  <u>
   September 5 
  </u> 
  <br />Candida Gillis - English
  <br />Debbie Storrs&nbsp;- Sociology
  <br />
  <a href=""http://www.uidaho.edu/class/psychcomm/tracicraig"" title=""Traci Craig"">Traci Craig </a>- Psychology&nbsp;
  <br />
  <a href=""http://www.uidaho.edu/class/mric/archives/pre-2010/fall2006/play"" title=""&quot;The Power of Play&quot;"">&quot;The Power of Play&quot;<br /></a>&nbsp;
  <br />
  <u>
   September 12&nbsp;
   <br />
  </u>Rick Fehrenbacher - English 
  <br />&quot;Getting Medieval: Video Games and the Reinvention of the Middle Ages &quot;
  <br />
  <br />
  <u>
   September 19&nbsp;
  </u>
  <br />Jason Johnstone-Yellin - Philosophy
  <br />Douglas Lind - Philosophy
  <br />John Mihelich&nbsp;- Sociology 
  <br />&quot;The Idaho Professional Ethics Initiative&quot;
  <br />&nbsp;
  <br />
  <u>
   September 26
  </u>&nbsp;
  <br />
  <a href=""http://www.uidaho.edu/sci/physics/physics-faculty/davidmcilroy"" title=""David McIlroy"">David McIlroy</a> - Physics 
  <br />&quot;The Merging of Nanotechnology and the Biological Sciences: Why Here and Now?&quot;
  <br />&nbsp;
  <br />
  <u>
   October 3
  </u> 
  <br />Laura Holyoke - ACTE 
  <br />&quot;Organizational Health in Universities&quot;
  <br />&nbsp;
  <br />
  <u>
   October 10
  </u> 
  <br />Maxine Dakins - Environmental Science Program
  <br />Chris Dixon - Environmental Science Program 
  <br />&quot;Sustainable Idaho: Finding the Path&quot; 
  <br />
  <br />
  <u>
   October 17
  </u>&nbsp;
  <br />
  <a href=""http://www.uidaho.edu/law/people/faculty"" title=""faculty"">Pat Costello</a> - Law
  <br />
  <a href=""http://www.uidaho.edu/law/people/faculty"" title=""faculty"">Maureen Laflin</a>&nbsp;-&nbsp;Law
  <br />
  <a href=""http://www.uidaho.edu/law/people/faculty"" title=""faculty"">Monica Schurtman</a>&nbsp;- Law&nbsp;
  <br />
  <a href=""http://www.uidaho.edu/class/mric/archives/pre-2010/fall2006/costello"" title=""&quot;Learning by Trials and Errors: UI Clinical Legal Education&quot; "">&quot;Learning by Trials and Errors: University of Idaho Clinical Legal Education&quot;</a>
  <br />&nbsp;
  <br />
  <u>
   October 24&nbsp;
  </u>
  <br />Brandon R. Schrand - English &amp; Creative Writing&nbsp;
  <br />
  <a href=""http://www.uidaho.edu/class/mric/archives/pre-2010/fall2006/schrand"" title=""&quot;In History's Shadow: The Life and Lost Legacy of Captain John Codman (1814-1900)&quot; "">&quot;In History’s Shadow: The Life and Lost Legacy of Captain John Codman (1814-1900)&quot;</a>
  <br />&nbsp;
  <br />
  <u>
   October 31
  </u> 
  <br />Michael Kyte - NIATT 
  <br />
  <a href=""http://www.uidaho.edu/class/mric/archives/pre-2010/fall2006/kyte"" title="" &quot;Bringing an Interdisciplinary Perspective to Transportation - or Why Engineers Shouldn’t Do It Alone&quot;"">&quot;Bringing an Interdisciplinary Perspective to Transportation – or Why Engineers Shouldn’t Do It Alone&quot; <br /></a>
  <br />
  <u>
   November 7&nbsp;
  </u>
  <br />
  <a href=""http://www.uidaho.edu/cals/bae/faculty/janboll"" title=""Jan Boll"">Jan Boll</a> - Biological &amp; Agricultural Engineering
  <br />
  <a href=""http://www.uidaho.edu/law/people/faculty"" title=""faculty"">Barbara Cosens</a>&nbsp;- Law&nbsp;
  <br />
  <a href=""http://www.uidaho.edu/engr/ce/faculty/fiedler"" title=""Fritz Fiedler"">Fritz Fiedler</a> - Civil Engineering 
  <br />
  <a href=""http://www.uidaho.edu/class/mric/archives/pre-2010/fall2006/boll"" title=""“Water of the West: Towards a Sustainable, Interdisciplinary Water Resources Program”"">&quot;UI Strategic Initiative: “Water of the West: Towards a Sustainable, Interdisciplinary Water Resources Program” <br /></a>
  <br />
  <u>
   November 14&nbsp;
  </u>
  <br />
  <a href=""http://www.uidaho.edu/class/english"" title=""English"">Kim Barnes</a> - English &amp; Idaho Writer-in-Residence&nbsp;
  <br />
  <a href=""http://www.uidaho.edu/class/mric/archives/pre-2010/fall2006/barnes"" title="" &quot;Revision in a Time of Revision: A Discussion of How the Creative Process is Stimulated and Stymied by Personal and Political Crisis&quot; "">&quot;Revision in a Time of Revision: A Discussion of How the Creative Process is Stimulated and Stymied by Personal and Political Crisis&quot;<br /></a>&nbsp;
  <br />
  <u>
   November 28&nbsp;
  </u>
  <br />Steve Hollenhorst - Conservation Social Sciences
  <br />
  <a href=""http://www.uidaho.edu/caa/landscapearchitecture/faculty/stephendrown"" title=""Stephen Drown"">Stephen Drown</a>&nbsp;- Landscape Architecture 
  <br />
  <a href=""http://www.uidaho.edu/class/mric/archives/pre-2010/fall2006/hollenhorst"" title="" &quot;The Building Sustainable Communities Initiative: A New University and Community Partnership&quot;"">&quot;The Building Sustainable Communities Initiative: A New University and Community Partnership&quot;</a>
 </div> 
</div>",http://www.uidaho.edu/class/mric/archives/pre-2010/fall2006
Spring 2007,,,,,,2006/07,,spring2007,listing,"<div class=""centerColumn heightMatch""> 
 <h1 class=""PageTitle "">Spring 2007</h1>
 <div class=""bodyCopy""> 
  <u>
   January 30th&nbsp;
  </u> 
  <br />Steve Hollenhorst - Conservation Social Sciences&nbsp;
  <br />
  <a href=""http://www.uidaho.edu/caa/landscapearchitecture/faculty/stephendrown"" title=""Stephen Drown"">Steve Drown</a> - Landscape Architecture
  <br />
  <a href=""http://www.uidaho.edu/class/mric/archives/pre-2010/spring2007/hollenhorst"" title="" &quot;The Building Sustainable Communities Initiative: A New University and Community Partnership&quot;"">&quot;The Building Sustainable Communities Initiative: A New University and Community Partnership&quot;&nbsp; </a>
  <br />
  <br />
  <u>
   February 6th&nbsp;
   <br />
  </u>
  <a href=""http://www.uidaho.edu/cnr/frfs/garymachlis"" title=""Gary Machlis"">Gary Machlis</a> - College of Natural Resources 
  <br />
  <a href=""http://www.uidaho.edu/class/mric/archives/pre-2010/spring2007/machlis"" title=""&quot;The Ecology of War&quot;"">&quot;The Ecology of War&quot; </a>
  <br />
  <br />
  <u>
   February 13th&nbsp; 
   <br />
  </u>
  <a href=""http://www.uidaho.edu/sci/physics/physics-faculty/youqiang"" title=""You Qiang"">You Qiang </a>- Physics 
  <br />&quot;Novel Magnetic Nanoparticles and Their Global Applications&quot;
  <br />
  <br />
  <u>
   February 20th
  </u>&nbsp;&nbsp;
  <br />
  <a href=""http://www.uidaho.edu/class/music/danielbukvich"" title=""Daniel Bukvich"">Dan Bukvich</a> &amp; Friends - Lionel Hampton School of Music
  <br />&quot;Beat It!&quot;&nbsp; 
  <br />
  <br />
  <u>
   February 27th 
   <br />
  </u>Georgia Johnson -&nbsp;Curriculum and Instruction
  <br />
  <a href=""http://www.uidaho.edu/class/english"" title=""English"">Janis Johnson</a>&nbsp;- American Indian Studies and English
  <br />
  <a href=""http://www.uidaho.edu/class/mric/archives/pre-2010/spring2007/johnson"" title=""&quot;Teaching on Tribal Lands&quot;"">&quot;Teaching on Tribal Lands&quot;&nbsp;</a>
  <br />
  <br />
  <u>
   March 6th
  </u>&nbsp;
  <br />
  <a href=""http://www.uidaho.edu/cals/bae/faculty/brianhe"" title=""Brian He"">Brian He</a> - Biological and Agricultural Engineering 
  <br />
  <a href=""http://www.uidaho.edu/class/mric/archives/pre-2010/spring2007/he"" title=""&quot;Why Biodiesel? — Biodiesel and Its International Impact&quot;"">&quot;Why Biodiesel? — Biodiesel and Its International Impact&quot; </a>
  <br />
  <br />
  <u>
   March 20th&nbsp;
  </u>
  <br />
  <a href=""http://www.uidaho.edu/sci/geology/faculty/mickeygunter"" title=""Mickey Gunter"">Mickey Gunter</a>- Geological Sciences 
  <br />
  <a href=""http://www.uidaho.edu/class/mric/archives/pre-2010/spring2007/gunter"" title=""&quot;Risk of Fear vs. Fear of Risk: A Physical Scientist Trying to do Social Science&quot;"">&quot;Risk of Fear vs. Fear of Risk: A Physical Scientist Trying to do Social Science&quot;</a>
  <br />
  <br />
  <u>
   March 27th 
   <br />
  </u>Mike Whiteman - International Programs 
  <br />
  <a href=""http://www.uidaho.edu/class/mric/archives/pre-2010/spring2007/whiteman"" title=""&quot;Internationalizing the University of Idaho—Opportunities and Challenges&quot;"">&quot;Internationalizing the University of Idaho—Opportunities and Challenges&quot; <br /></a>
  <br />
  <u>
   April 3rd&nbsp;
   <br />
  </u>
  <a href=""http://www.uidaho.edu/cnr/fishwild/briandennis"" title=""Brian Dennis"">Brian Dennis</a> - Fish and Wildlife Resources and Statistics 
  <br />
  <a href=""http://www.uidaho.edu/class/mric/archives/pre-2010/spring2007/dennis"" title=""&quot;What would you prefer: taking a statistics course, or a root canal?&quot;"">&quot;What would you prefer: taking a statistics course, or a root canal?&quot; </a>
  <br />
  <br />
  <u>
   April 17th
  </u>&nbsp;&nbsp; 
  <br />Candi Heimgartner- Biological Sciences 
  <br />
  <a href=""http://www.uidaho.edu/class/mric/archives/pre-2010/spring2007/heimgartner"" title=""&quot;The Use of Human Cadavers in Undergraduate Coursework&quot;"">&quot;The Use of Human Cadavers in Undergraduate Coursework&quot;</a>
  <br />
  <br />
  <u>
   April 24th
  </u>&nbsp;
  <br />
  <a href=""http://www.uidaho.edu/engr/ece/faculty/atkinson"" title=""David Atkinson"">David Atkinson</a> - Electrical and Computer Engineering 
  <br />
  <a href=""http://www.uidaho.edu/class/mric/archives/pre-2010/spring2007/atkinson"" title=""&quot;The Solar System as a Laboratory—Exploration of the Giant Planets&quot;"">&quot;The Solar System as a Laboratory—Exploration of the Giant Planets&quot; </a>
  <br />
  <br />
  <u>
   May 1st 
  </u>
  <br />Jeannie Harvey - Women’s Center
  <br />
  <a href=""http://www.uidaho.edu/class/mric/archives/pre-2010/spring2007/harvey"" title=""&quot;WID, GAD, WHAT? A Bangladesh Gender Audit Case Study&quot;"">&quot;WID, GAD, WHAT? A Bangladesh Gender Audit Case Study&quot;</a>
 </div> 
</div>",http://www.uidaho.edu/class/mric/archives/pre-2010/spring2007
Fall 2007,,,,,,2007/08,,fall2007,listing,"<div class=""centerColumn heightMatch""> 
 <h1 class=""PageTitle "">Fall 2007</h1>
 <div class=""bodyCopy""> 
  <u>
   September 4 
  </u> 
  <br /> Mark McGuire, Animal and Veterinary Sciences 
  <br />
  <a href=""http://www.uidaho.edu/class/mric/archives/pre-2010/fall2007/mcguire"" title=""&quot;The Role of the Scientist in the Debate on Bovine Somatotropin and Organic Milk&quot;"">The Role of the Scientist in the Debate on Bovine Somatotropin and Organic Milk </a>
  <br />
  <br />
  <u>
   September 11
  </u> 
  <br />
  <a href=""http://www.uidaho.edu/law/people/faculty"" title=""faculty"">Richard Seamon</a>, College of Law 
  <br />
  <a href=""http://www.uidaho.edu/class/mric/archives/pre-2010/fall2007/seamon"" title=""&quot;The New Surveillance Law&quot;"">The New Surveillance Law <br /></a>
  <br />
  <u>
   September 18
  </u> 
  <br />Jay O’Laughlin, Policy Analysis Group 
  <br />
  <a href=""http://www.uidaho.edu/class/mric/archives/pre-2010/fall2007/olaughlin"" title="" &quot;Sustaining Ecosystems and People: A Multidisciplinary 'Policy Sciences' Framework&quot;"">Sustaining Ecosystems and People: A Multidisciplinary ‘Policy Sciences’ Framework </a>
  <br />
  <br />
  <u>
   September 25
  </u> 
  <br />
  <a onclick=""_gaq.push(['_trackPageview','/exit//University of Idaho/sci']);"" href=""http://www.uidaho.edu/sci"" title=""Scott Wood"">Scott Wood</a>, Department of Geological Sciences 
  <br />
  <a href=""http://www.uidaho.edu/class/mric/archives/pre-2010/fall2007/wood"" title=""&quot;Interactions of Asbestiform Minerals in the Lungs: How a Geochemist and a Mineralogist Got Funding from the National Institutes of Health&quot;"">Interactions of Asbestiform Minerals in the Lungs: How a Geochemist and a Mineralogist Got Funding from the National Institutes of Health <br /></a>
  <br />
  <u>
   October 2
  </u> 
  <br />Jodie Nicotra, Department of English 
  <br />
  <a href=""http://www.uidaho.edu/class/mric/archives/pre-2010/fall2007/nicotra"" title=""&quot;Making a Habit of Success: Rhetorics of Self-Help in the New Economy&quot; "">Making a Habit of Success: Rhetorics of Self-Help in the New Economy </a>
  <br />
  <br />
  <u>
   October 9
  </u> 
  <br />John Tracy, Idaho Water Resources Research Institute 
  <br />Building an Interdisciplinary Environmental Research Consortium: The Lake Tahoe Experience 
  <br />
  <br />
  <u>
   October 16
  </u> 
  <br />
  <a href=""http://www.uidaho.edu/cals/bae/faculty/russelqualls"" title=""Russell Qualls"">Russell Qualls</a>, Agricultural and Biological Engineering 
  <br />
  <a href=""http://www.uidaho.edu/class/mric/archives/pre-2010/fall2007/qualls"" title=""&quot;Impact of Climate Change on Snake River Plain Water Supply&quot;"">Impact of Climate Change on Snake River Plain Water Supply <br /></a>
  <br />
  <u>
   October 23
  </u> 
  <br />Matthew Slater, Department of Philosophy 
  <br />
  <a href=""http://www.uidaho.edu/class/mric/archives/pre-2010/fall2007/slater"" title=""&quot;Pluto and the Platypus: Tales of an Odd Ball and an Odd Duck&quot; "">Plato and the Platypus: Tales of an Odd Ball and an Odd Duck <br /></a>
  <br />
  <u>
   October 30
  </u> 
  <br />Aicha Elshabini, College of Engineering 
  <br />
  <a href=""http://www.uidaho.edu/class/mric/archives/pre-2010/fall2007/elshabini"" title=""&quot;Microelectronics&quot; "">Microelectronics <br /></a>
  <br />
  <u>
   November 6
  </u> 
  <br />
  <a href=""http://www.uidaho.edu/class/english"" title=""English"">Phil Druker</a>, Department of English 
  <br />
  <a href=""http://www.uidaho.edu/class/mric/archives/pre-2010/fall2007/druker"" title=""&quot;A Pilgrimage Around Mt. Kailash - Tibetan Buddhism's Most Holy Mountain&quot;"">&quot;A Pilgrimage Around Mt. Kailash - Tibetan Buddhism's Most Holy Mountain&quot;</a>
  <a href=""http://www.uidaho.edu/class/mric/archives/pre-2010/fall2007/druker"" title=""&quot;A Pilgrimage Around Mt. Kailash - Tibetan Buddhism's Most Holy Mountain&quot;""><br /></a>
  <br />
  <u>
   November 13
  </u> 
  <br />
  <a href=""http://www.uidaho.edu/sci/math/faculty/monteboisen"" title=""Monte Boisen"">Monte Boisen</a>, Department of Mathematics 
  <br />
  <a href=""http://www.uidaho.edu/class/mric/archives/pre-2010/fall2007/boisen"" title=""&quot;Reflection on Symmetry&quot;"">Reflection on Symmetry <br /></a>
  <br />
  <u>
   November 27
  </u> 
  <br />
  <a href=""http://www.uidaho.edu/sci/geology/faculty/judithtotmanparrish"" title=""Judith Totman Parrish"">Judy Parrish</a>, Department of Geological Sciences 
  <br />
  <a href=""http://www.uidaho.edu/class/mric/archives/pre-2010/fall2007/parrish"" title=""&quot;A Truly Extreme Climate&quot; The Pangean Megamonsoon&quot; "">A Truly Extreme Climate: The Pangean Megamonsoon </a>
  <br />
 </div> 
</div>",http://www.uidaho.edu/class/mric/archives/pre-2010/fall2007
Fall 2008,,,,,,2008/09,,fall2008,listing,"<div class=""centerColumn heightMatch""> 
 <h1 class=""PageTitle "">Fall 2008</h1>
 <div class=""bodyCopy""> 
  <u>
   September 9 
   <br />
  </u> 
  <a href=""http://www.uidaho.edu/class/history/faculty-staff/richard-spence"" title=""richard-spence"">Rick Spence</a>, History 
  <br />
  <a href=""http://www.uidaho.edu/class/mric/archives/pre-2010/fall2008/spence"" title=""&quot;On the Track of the Beast: Uncovering Aleister Crowley's Intelligence Connections&quot; "">On the Track of the Beast: Uncovering Aleister Crowley’s Intelligence Connections <br /></a>
  <br />
  <u>
   September 16 
   <br />
  </u>
  <a href=""http://www.uidaho.edu/sci/math/faculty/stevekrone"" title=""Steve Krone"">Steve Krone</a>, Mathematics and Initiative for Bioinformatics and Evolutionary Studies&nbsp;
  <br />
  <a href=""http://www.uidaho.edu/class/mric/archives/pre-2010/fall2008/krone"" title=""&quot;How Many Biologists Does It Take to Change a Mathematician?&quot; "">How Many Biologists Does It Take to Change a Mathematician?</a> 
  <br />
  <br />
  <u>
   September 23
  </u> 
  <br />Daniel G. Strawn, Plant, Soil, and Entomological Sciences 
  <br />
  <a href=""http://www.uidaho.edu/class/mric/archives/pre-2010/fall2008/strawn"" title=""&quot;The Fate of Lead and Zinc in Soils Down-river from Mining Occurring in the Coeur d’Alene River Valley&quot;"">The Fate of Lead and Zinc in Soils Down-river from Mining Occurring in the Coeur d’Alene River Valley </a>
  <br />
  <br />
  <u>
   September 30
  </u> 
  <br />
  <a href=""http://www.uidaho.edu/engr/cs/faculty/bobrinker"" title=""Bob Rinker"">Bob Rinker</a>, Computer Science 
  <br />
  <a href=""http://www.uidaho.edu/class/mric/archives/pre-2010/fall2008/rinker"" title=""&quot;The History and Technology of the Hammond and other Electronic Organs&quot; "">The History and Technology of the Hammond and other Electronic Organs </a>
  <br />
  <br />
  <u>
   October 7 
   <br />
  </u>Linda Morris, Business and Economics; 
  <br />Gene Merrill, University Research and Technology Transfer 
  <br />
  <a href=""http://www.uidaho.edu/class/mric/archives/pre-2010/fall2008/morris"" title=""&quot;Ideas, Innovations, and Entrepreneurship&quot;"">Ideas, Innovations, and Entrepreneurship <br /></a>
  <br />
  <u>
   October 14
  </u> 
  <br />
  <a onclick=""_gaq.push(['_trackPageview','/exit//404.aspx?item=web%3a%7bACFDADCE-03C6-4840-B929-78FB34F35F7B%7d%40en']);"" href=""http://www.uidaho.edu/404.aspx?item=web%3a%7bACFDADCE-03C6-4840-B929-78FB34F35F7B%7d%40en"" title=""Melanie-Angela Neuilly "">Melanie-Angela Neuilly</a>, Sociology, Anthropology, and Justice Studies 
  <br />
  <a href=""http://www.uidaho.edu/class/mric/archives/pre-2010/fall2008/neuilly"" title=""&quot;Do Dead People Speak Different Languages: An Interdisciplinary S&eacute;ance&quot;"">Do Dead People Speak Different Languages: An Interdisciplinary S&eacute;ance <br /></a>
  <br />
  <u>
   October 21
  </u> 
  <br />
  <a href=""http://www.uidaho.edu/cnr/frfs/laurenfins"" title=""Lauren Fins"">Lauren Fins</a>, Forest Resources 
  <br />
  <a href=""http://www.uidaho.edu/class/mric/archives/pre-2010/fall2008/fins"" title=""&quot;The Natural History and Culture of Chocolate&quot;"">The Natural History and Culture of Chocolate <br /></a>
  <br />
  <u>
   October 28 
   <br />
  </u>James Murphy, Lionel Hampton School of Music 
  <br />
  <a href=""http://www.uidaho.edu/class/mric/archives/pre-2010/fall2008/murphy"" title=""&quot;2001: A Film Music Odyssey&quot;"">2001: A Film Music Odyssey </a>
  <br />
  <br />
  <u>
   November 4
  </u> 
  <br />Gregory Bohach, Microbiology, Molecular Biology, and Biochemistry 
  <br />
  <a href=""http://www.uidaho.edu/class/mric/archives/pre-2010/fall2008/bohach"" title=""&quot;Studying Bovine Mastitis: How Can That Help Us Understand Human Toxic-Shock Syndrome and Staphylococcal Food Poisoning&quot;"">Studying Bovine Mastitis: How Can That Help Us Understand Human Toxic Shock Syndrome and Staphylococcal Food Poisoning? </a>
  <br />
  <br />
  <u>
   November 11 
   <br />
  </u>
  <a href=""http://www.uidaho.edu/caa/architecture/faculty/randallteal"" title=""Randall Teal"">Randall Teal</a>, Architecture &amp; Interior Design 
  <br />
  <a href=""http://www.uidaho.edu/class/mric/archives/pre-2010/fall2008/teal"" title=""&quot;In the Mood: Creating Architectural Atmospheres&quot;"">In the Mood: Creating Architectural Atmospheres <br /></a>
  <br />
  <u>
   November 18
  </u> 
  <br />
  <a href=""http://www.uidaho.edu/cbe/business/jeffbailey"" title=""Jeff Bailey"">Jeff Bailey</a>, Business 
  <br />
  <a href=""http://www.uidaho.edu/class/mric/archives/pre-2010/fall2008/bailey"" title=""&quot;Overconfidence and Some Behavioral Consequences&quot;"">Overconfidence and Some Behavioral Consequences <br /></a>
  <br />
  <u>
   December 2 
   <br />
  </u>
  <a href=""http://www.uidaho.edu/class/theatre/kellyquinnett"" title=""Kelly Quinnett"">Kelly Quinnett</a>, Theatre and Film 
  <br />
  <a href=""http://www.uidaho.edu/class/mric/archives/pre-2010/fall2008/quinnett"" title=""&quot;The Art of Stage Kissing&quot; "">The Art of Stage Kissing </a>
  <br />
 </div> 
</div>",http://www.uidaho.edu/class/mric/archives/pre-2010/fall2008
Fall 2009,,,,,,2009/10,,fall2009,listing,"<div class=""centerColumn heightMatch""> 
 <h1 class=""PageTitle "">Fall 2009</h1>
 <div class=""bodyCopy""> 
  <u>
   September 8 
   <br />
  </u> 
  <a href=""http://www.uidaho.edu/class/english"" title=""English"">Steve Chandler</a>, English and Neuroscience 
  <br />
  <a href=""http://www.uidaho.edu/class/mric/archives/pre-2010/fall2009/chandler"" title=""The Analogical Modeling of Language "">The Analogical Modeling of Language <br /></a>
  <br />
  <u>
   September 15 
   <br />
  </u>Stephen Cooke, Agricultural Economics 
  <br />
  <a href=""http://www.uidaho.edu/class/mric/archives/pre-2010/fall2009/cook"" title=""&quot;Buying Local: The Economics of Import Substitution&quot;"">Buying Local: The Economics of Import Substitution <br /></a>
  <br />
  <u>
   September 22 
  </u>
  <br />
  <a href=""http://www.uidaho.edu/engr/cs/faculty/terrysoule"" title=""Terry Soule"">Terry Soule</a>, Computer Science 
  <br />
  <a href=""http://www.uidaho.edu/class/mric/archives/pre-2010/fall2009/soule"" title=""&quot;Harnessing Evolution: The Application of Artificial Evolution to Practical Problems&quot;"">Harnessing Evolution: The Application of Artificial Evolution to Practical Problems </a>
  <br />
  <br />
  <u>
   September 29 
   <br />
  </u>
  <a href=""http://www.uidaho.edu/sci/math/faculty/robely"" title=""Rob Ely"">Robert Ely</a>, Mathematics 
  <br />
  <a href=""http://www.uidaho.edu/class/mric/archives/pre-2010/fall2009/ely"" title=""&quot;Hold Infinity in the Palm of Your Hand and Eternity in an Hour&quot; "">Hold Infinity in the Palm of Your Hand and Eternity in an Hour </a>
  <br />
  <br />
  <u>
   October 6 
  </u>
  <br />
  <a href=""http://www.uidaho.edu/cbe/business/stevenpeterson"" title=""Steven Peterson"">Steven Peterson</a>, Business and Economics 
  <br />Culture Clash: The Political Economy of Local Land Use Conflicts 
  <br />
  <br />
  <u>
   October 13 
  </u>
  <br />Jack McIver, University Research Office 
  <br />Interdisciplinary Scholarly and Creative Activities at the University of Idaho: Challenges and Opportunities 
  <br />
  <br />
  <u>
   October 20 
  </u>
  <br />
  <a href=""http://www.uidaho.edu/class/history/faculty-staff/ian-chambers"" title=""ian-chambers"">Ian Chambers</a>, History 
  <br />
  <a href=""http://www.uidaho.edu/class/mric/archives/pre-2010/fall2009/chambers"" title="" &quot;Daniel Defoe, Colonialism and Space&quot;"">Daniel Defoe, Colonialism and Space <br /></a>
  <br />
  <u>
   October 27 
   <br />
  </u>
  <a href=""http://www.uidaho.edu/engr/me/faculty/akiratokuhiro"" title=""Akira Tokuhiro"">Akira Tokuhiro</a>, Mechanical Engineering 
  <br />
  <a href=""http://www.uidaho.edu/class/mric/archives/pre-2010/fall2009/tokuhiro"" title=""&quot;In Your Face (and Voice) – Can Digital Facial and Voiced Expression Tools Enhance the Social Sciences?&quot; "">In Your Face (and Voice) – Can Digital Facial and Voiced Expression Tools Enhance the Social Sciences? </a>
  <br />
  <br />
  <u>
   November 3 
  </u>
  <br />
  <a href=""http://www.uidaho.edu/caa/architecture/faculty/annemarshall"" title=""Anne Marshall"">Anne Marshall</a>, Architecture &amp; Interior Design 
  <br />
  <a href=""http://www.uidaho.edu/class/mric/archives/pre-2010/fall2009/marshall"" title=""&quot;Constructing Tribal Architectures in Native American Communities&quot; "">Constructing Tribal Architectures in Native American Communities </a>
  <br />
  <br />
  <u>
   November 10 
  </u>
  <br />
  <a href=""http://www.uidaho.edu/class/history/faculty-staff/deborah-husa"" title=""deborah-husa"">Rosanna Lauriola</a>, History&nbsp;
  <br />
  <a href=""http://www.uidaho.edu/class/mric/archives/pre-2010/fall2009/lauriola"" title=""&quot;‘Clownish’ Figures in Aristophanes: Some Considerations on the Language of Aristophanes’ Criticism&quot;"">‘Clownish’ Figures in Aristophanes: Some Considerations on the Language of Aristophanes’ Criticism</a> 
  <br />
  <br />
  <u>
   November 17 
  </u>
  <br />
  <a href=""http://www.uidaho.edu/sci/geography/faculty/jeffreyhicke"" title=""Jeffrey Hicke"">Jeffrey A. Hicke</a>, Geography 
  <br />
  <a href=""http://www.uidaho.edu/class/mric/archives/pre-2010/fall2009/hike"" title=""&quot;Feedbacks between Insect Outbreaks and Climate Change&quot;"">Feedbacks between Insect Outbreaks and Climate Change </a>
  <br />
  <br />
  <u>
   December 1 
  </u>
  <br />Kathy Browder, HPERD 
  <br />
  <a href=""http://www.uidaho.edu/class/mric/archives/pre-2010/fall2009/browder"" title=""&quot;Understanding Knee Injuries&quot;"">Understanding Knee Injuries </a>
  <br />
 </div> 
</div>",http://www.uidaho.edu/class/mric/archives/pre-2010/fall2009
Spring 2010,,,,,,2009/10,,spring2010,listing,"<div class=""centerColumn heightMatch""> 
 <h1 class=""PageTitle "">Spring 2010</h1>
 <div class=""bodyCopy""> 
  <br /> 
  <b>NOTE: All Colloquiums are held at the Idaho Commons Whitewater Room at 12:30pm - unless otherwise noted.<br /></b> 
  <br /> 
  <b> 
   <u>
    February 2
   </u> <br /></b> 
  <a href=""http://www.uidaho.edu/cnr/frfs/karenlaunchbaugh"" title=""Karen Launchbaugh""> <b>Karen Launchbaugh</b> </a> 
  <b>&nbsp;&nbsp;</b>&nbsp;
  <a href=""http://www.uidaho.edu/cnr/frfs/karenlaunchbaugh"" title=""Karen Launchbaugh""><br /></a>
  <b>Associate Professor, Rangeland Ecology &amp; Management&nbsp;</b>&nbsp;
  <br />
  <a href=""http://www.uidaho.edu/class/mric/archives/pre-2010/spring2010/launchbaugh"" title=""Launchbaugh"">&quot;Targeted Grazing - A Natural Approach to Managing Plants and Landscapes&quot;&nbsp;</a>
  <br />&nbsp;&nbsp;&nbsp;&nbsp;&nbsp;&nbsp;&nbsp;&nbsp;&nbsp;&nbsp;&nbsp;&nbsp;&nbsp;&nbsp;&nbsp;&nbsp;&nbsp;&nbsp;&nbsp;&nbsp;&nbsp;&nbsp;&nbsp;&nbsp;&nbsp;
  <br />&nbsp;&nbsp;&nbsp;&nbsp;&nbsp;&nbsp;&nbsp;&nbsp;&nbsp;&nbsp;&nbsp;&nbsp;&nbsp;&nbsp;&nbsp;&nbsp;&nbsp;&nbsp;
  <br />
  <b>
   <u>
    February 9
   </u></b>
  <br />
  <b>Phil Deutchman<br />Emeritus Professor, Physics&nbsp;<br /></b>
  <a href=""http://www.uidaho.edu/class/mric/archives/pre-2010/spring2010/deutchman"" title=""Deutchman"">&quot;Hawking Radiation: Are Black Holes Really Black?&nbsp;</a>
  <br />&nbsp;&nbsp;&nbsp;&nbsp;&nbsp;&nbsp;&nbsp;&nbsp;&nbsp;&nbsp;&nbsp;&nbsp;&nbsp;&nbsp;&nbsp;&nbsp;&nbsp;&nbsp;&nbsp;&nbsp;&nbsp;&nbsp;&nbsp;&nbsp;&nbsp;&nbsp;&nbsp;&nbsp;&nbsp;&nbsp;&nbsp;&nbsp;&nbsp;&nbsp;&nbsp;&nbsp;&nbsp;&nbsp;&nbsp;&nbsp;&nbsp;&nbsp;&nbsp;&nbsp;
  <br />
  <br />
  <b>
   <u>
    February 16
   </u><br /><a href=""http://www.uidaho.edu/cnr/fishwild/jmichaelscott"" title=""J. Michael Scott"">Mike Scott</a>&nbsp;&nbsp;&nbsp;&nbsp;&nbsp;&nbsp;&nbsp;&nbsp;<br /></b>
  <b>Professor, Fish and Wildlife Senior Scientist, USGS Conservation</b>
  <br />
  <a href=""http://www.uidaho.edu/class/mric/archives/pre-2010/spring2010/scott"" title=""Scott"">&quot;Reliant Species: Our New Relationship with Nature&quot;&nbsp;<br /></a>&nbsp;&nbsp;&nbsp;&nbsp;&nbsp;&nbsp;&nbsp;&nbsp;&nbsp;&nbsp;&nbsp;&nbsp;&nbsp;&nbsp;&nbsp;&nbsp;&nbsp;&nbsp;&nbsp;&nbsp;&nbsp;&nbsp;&nbsp;&nbsp;&nbsp;&nbsp;&nbsp;&nbsp;&nbsp;&nbsp;&nbsp;&nbsp;&nbsp;&nbsp;&nbsp;&nbsp;&nbsp;&nbsp;&nbsp;&nbsp;&nbsp;
  <br />
  <br />
  <b>
   <u>
    February 23
   </u><br />Navin Chettri<br />Founder &amp; Artistic Director, Kathmandu Jazz Festival Jazz in the Himalayas</b>
  <br />Kathmandu Jazz Festival&nbsp;
  <br />TBA
  <br />&nbsp;
  <br />
  <br />
  <b>
   <u>
    March 2&nbsp;
   </u>&nbsp;&nbsp;&nbsp;&nbsp;&nbsp;&nbsp;&nbsp;&nbsp;&nbsp;&nbsp;<br /><a href=""http://www.uidaho.edu/cbe/business/johnlawrence"" title=""John Lawrence"">John Lawrence</a>&nbsp;&nbsp;&nbsp;&nbsp;</b>
  <br />
  <b>Professor, Business&nbsp;<br /></b>
  <a href=""http://www.uidaho.edu/class/mric/archives/pre-2010/spring2010/lawrence"" title=""Lawrence"">&quot;From Cowgirl Chocolates to Backyard Harvest: Business Cases Bring Research,&nbsp;Teaching and Outreach&nbsp;Together&quot;</a>&nbsp;&nbsp;&nbsp;&nbsp;&nbsp;&nbsp;&nbsp;&nbsp;&nbsp;&nbsp;&nbsp;
  <br />&nbsp;&nbsp;&nbsp;&nbsp;&nbsp;&nbsp;&nbsp;&nbsp;&nbsp;&nbsp;&nbsp;&nbsp;&nbsp;&nbsp;&nbsp;&nbsp;&nbsp;&nbsp;&nbsp;&nbsp;&nbsp;&nbsp;&nbsp;&nbsp;&nbsp;&nbsp;&nbsp;&nbsp;&nbsp;&nbsp;&nbsp;&nbsp;&nbsp;&nbsp;&nbsp;&nbsp;&nbsp;&nbsp;&nbsp;&nbsp;&nbsp;&nbsp;&nbsp;&nbsp;&nbsp;&nbsp;&nbsp;
  <a href=""http://www.uidaho.edu/class/mric/archives/pre-2010/spring2010/lawrence"" title=""Lawrence""><b><br /></b></a>
  <br />
  <b>
   <u>
    March 9&nbsp;
   </u>&nbsp;&nbsp;&nbsp;&nbsp;&nbsp;&nbsp;&nbsp;<br />Location: Idaho Commons Crest Room&nbsp;&nbsp;&nbsp;&nbsp;<br /><a href=""http://www.uidaho.edu/sci/math/people/faculty"" title=""Faculty"">Matthew Rudd</a>&nbsp;&nbsp;&nbsp;</b>
  <br />
  <b>Assistant Professor, Mathematics&nbsp;<br /></b>
  <a href=""http://www.uidaho.edu/class/mric/archives/pre-2010/spring2010/Rudd"" title=""Rudd"">&quot;Paint-by-number PDEs&quot;</a>
  <br />&nbsp;&nbsp;&nbsp;&nbsp;&nbsp;&nbsp;&nbsp;&nbsp;&nbsp;&nbsp;&nbsp;&nbsp;&nbsp;&nbsp;&nbsp;&nbsp;&nbsp;&nbsp;&nbsp;&nbsp;&nbsp;&nbsp;&nbsp;&nbsp;&nbsp;&nbsp;&nbsp;&nbsp;&nbsp;&nbsp;&nbsp;&nbsp;&nbsp;
  <br />&nbsp;&nbsp;&nbsp;&nbsp;&nbsp;&nbsp;&nbsp;&nbsp;&nbsp;&nbsp;&nbsp;&nbsp;&nbsp;
  <br />
  <b>
   <u>
    March 30
   </u>&nbsp;&nbsp;&nbsp;&nbsp;&nbsp;&nbsp;&nbsp;<br /></b>
  <a href=""http://www.uidaho.edu/class/english"" title=""English""><b>Doug Adams</b></a>
  <b>&nbsp;</b>&nbsp;
  <br />
  <b>Professor, English&nbsp;<br /></b>&quot;The Power of the Word: What Language Can and Cannot Tell Us About Prehistory&quot;&nbsp;
  <br />
  <a onclick=""_gaq.push(['_trackPageview','/exit//~/media/Files/orgs/CLASS/Renfrew/Adams-The%20Power%20of%20the%20Word.ashx']);"" href=""http://www.uidaho.edu/~/media/Files/orgs/CLASS/Renfrew/Adams-The%20Power%20of%20the%20Word.ashx"">SEE THE POWERPOINT PRESENTATION<br /></a>
  <br />
  <b>
   <u>
    April 6
   </u>&nbsp;&nbsp;&nbsp;&nbsp;&nbsp;<br />Verna Bergmann<br />University of Idaho Campus Dietitian&nbsp;<br /></b>
  <u>
   <a href=""http://www.uidaho.edu/class/mric/archives/pre-2010/spring2010/bergmann"" title=""Bergmann"">&quot;Food—From Field to Table&quot;<br /></a>
   <br />
   <br />
  </u>
  <b>
   <u>
    April 13
   </u>&nbsp;&nbsp;&nbsp;&nbsp;&nbsp;&nbsp;&nbsp;&nbsp;<br />Jodie Nicotra &amp; Rochelle Smith&nbsp;&nbsp;&nbsp;&nbsp;&nbsp;&nbsp;&nbsp;&nbsp;&nbsp;<br /></b>
  <b>Assistant Professor, English &amp; Assistant Professor, Library&nbsp;<br /></b>
  <a href=""http://www.uidaho.edu/class/mric/archives/pre-2010/spring2010/nicotra"" title=""Nicotra"">&quot;The Return of Do-It-Yourself: Food and Craft in the New Millennium&quot;<br /></a>&nbsp;&nbsp;&nbsp;&nbsp;&nbsp;&nbsp;&nbsp;&nbsp;&nbsp;&nbsp;&nbsp;&nbsp;&nbsp;&nbsp;&nbsp;&nbsp;&nbsp;&nbsp;
  <br />&nbsp;&nbsp;&nbsp;&nbsp;&nbsp;&nbsp;&nbsp;&nbsp;&nbsp;&nbsp;&nbsp;&nbsp;&nbsp;&nbsp;
  <br />
  <b>
   <u>
    April 27
   </u>&nbsp;&nbsp;&nbsp;&nbsp;&nbsp;&nbsp;&nbsp;&nbsp;&nbsp;&nbsp;&nbsp;<br /><a href=""http://www.uidaho.edu/~lhormel"" title=""Leotina Hormel's Homepage"">Leontina Hormel&nbsp;</a>&nbsp;&nbsp;&nbsp;&nbsp;&nbsp;&nbsp;&nbsp;&nbsp;<br /></b>
  <b>Assistant Professor, Sociology and Anthropology&nbsp;<br /></b>
  <a href=""http://www.uidaho.edu/class/mric/archives/pre-2010/spring2010/Hormel"" title=""Hormel"">&quot;Different or the Same? Women as Activists and Citizens in Kharkiv and Lviv&nbsp;during Ukraine’s Orange Revolution&quot;</a>&nbsp;
  <br />
  <a href=""http://www.uidaho.edu/class/mric/archives/pre-2010/spring2010/Rudd"" title=""Rudd""><b><br /></b></a>
  <br />
  <b>
   <u>
    May&nbsp;4
   </u>&nbsp;&nbsp;&nbsp;&nbsp;&nbsp;&nbsp;&nbsp;&nbsp;<br />Sharon Fritz<br />Licensed Psychologist, Associate Professor at Large&nbsp;<br /></b>
  <a href=""http://www.uidaho.edu/class/mric/archives/pre-2010/spring2010/Copy%20of%20feature%201"" title=""Fritz"">&quot;Addressing the Substance Use Issues on the UI Campus&quot;<br /></a>
  <a onclick=""_gaq.push(['_trackPageview','/exit//~/media/Files/orgs/CLASS/Renfrew/Fritz-SubstanceUse.ashx']);"" href=""http://www.uidaho.edu/~/media/Files/orgs/CLASS/Renfrew/Fritz-SubstanceUse.ashx"">SEE HER POWERPOINT PRESENTATION<br /></a>
  <br />&nbsp;&nbsp;&nbsp;&nbsp;&nbsp;&nbsp;&nbsp;&nbsp;&nbsp;&nbsp;&nbsp;&nbsp;&nbsp;&nbsp;&nbsp;&nbsp;&nbsp;&nbsp;&nbsp;
  <br />
 </div> 
</div>",http://www.uidaho.edu/class/mric/archives/pre-2010/spring2010
